aircraft,delta1,noFlights,noCombos,singletonList,noSolutions,solution
A318#2,4.736354827880859,5,104720,[],0,[540   0   0   0   0]
ERJ145#4,2.1081831455230713,8,109200,[],0,[  0  -1  -1 840 120 120   0   0]
CRJ100#2,13.334625244140625,9,149760,[],0,[ -1 180 180  -1  -1   0   0   0   0]
