aircraft,delta1,noFlights,noCombos,singletonList,noSolutions,solution
ERJ145#4,3.013298273086548,8,64800,[],0,[  0  -1  -1 900 180 180   0   0]
A318#2,11.567596673965454,8,276480,[],0,[  0  -1   0 540   0   0   0   0]
