aircraft,delta1,noFlights,noCombos,singletonList,noSolutions,solution
ERJ145#4,2.651232957839966,8,97200,[],0,[  0  -1  -1 840 120 120   0   0]
A318#2,6.174696683883667,8,259200,[],0,[120  -1   0 540   0   0   0   0]
CRJ100#2,27.178723573684692,9,327600,[],0,[ -1  -1   0   0 240 720   0   0   0]
CRJ700#3,153.43561840057373,9,331776,[],0,[60 -1 -1  0 -1  0 -1 -1 -1]
