aircraft,delta1,noFlights,noCombos,singletonList,noSolutions,solution
ERJ145#4,0.5360500812530518,8,14784,[],0,[ -1  -1  -1 840 120 120   0   0]
A318#2,8.038283586502075,8,143616,[],0,[ -1  -1 900 840 240 240   0   0]
A319#3,46.451231956481934,10,290304,[],0,[ -1  -1  -1 840 900 900 900 900 480   0]
F100#1,52.50170850753784,9,136080,[],0,[ -1  -1 900  -1  -1   0   0   0 120]
