aircraft,delta1,noFlights,noCombos,singletonList,noSolutions,solution
ERJ145#4,3.093366861343384,8,97200,[],0,[  0  -1  -1 840 120 120   0   0]
A318#2,14.088500022888184,8,259200,[],0,[120  -1   0 540   0   0   0   0]
CRJ100#2,26.022809267044067,9,327600,[],0,[ -1  -1   0   0 240 720   0   0   0]
CRJ700#3,141.7285614013672,9,331776,[],0,[60 -1 -1  0 -1  0 -1 -1 -1]
