aircraft,delta1,noFlights,noCombos,singletonList,noSolutions,solution
ERJ145#4,3.4233038425445557,8,97200,[],0,[  0  -1  -1 840 120 120   0   0]
A318#2,7.14369010925293,8,259200,[],0,[120  -1   0 540   0   0   0   0]
CRJ100#2,10.05895209312439,9,327600,[],0,[ -1  -1   0   0 240 720   0   0   0]
CRJ700#3,123.98231291770935,9,331776,[],0,[60 -1 -1  0 -1  0 -1 -1 -1]
