aircraft,delta1,noFlights,noCombos,singletonList,noSolutions,solution
ERJ145#4,2.5521886348724365,8,97200,[],0,[  0  -1  -1 840 120 120   0   0]
A318#2,12.677569150924683,8,259200,[],0,[120  -1   0 540   0   0   0   0]
CRJ100#2,27.399993658065796,9,327600,[],0,[ -1  -1   0   0 240 720   0   0   0]
CRJ700#3,193.3153531551361,9,331776,[],0,[60 -1 -1  0 -1  0 -1 -1 -1]
