aircraft,delta1,noFlights,noCombos,singletonList,noSolutions,solution
ERJ145#4,2.9432177543640137,8,64800,[],0,[  0  -1  -1 900 180 180   0   0]
A318#2,21.851359367370605,8,276480,[],0,[  0  -1   0 540   0   0   0   0]
