aircraft,delta1,noFlights,noCombos,singletonList,noSolutions,solution
ERJ145#4,2.9032130241394043,8,97200,[],0,[  0  -1  -1 840 120 120   0   0]
A318#2,9.883304595947266,8,259200,[],0,[120  -1   0 540   0   0   0   0]
CRJ100#2,17.97335696220398,9,327600,[],0,[ -1  -1   0   0 240 720   0   0   0]
CRJ700#3,173.96644353866577,9,331776,[],0,[60 -1 -1  0 -1  0 -1 -1 -1]
