aircraft,delta1,noFlights,noCombos,singletonList,noSolutions,solution
ERJ145#4,0.5940690040588379,8,19712,[],0,[ -1  -1  -1 780  60  60   0   0]
A318#2,5.858030080795288,8,251328,[],0,[ -1  -1 540 540   0   0   0   0]
A319#3,10.771502017974854,10,107520,[],0,[ -1  -1  -1  -1 720 780 780 780 360   0]
