aircraft,delta1,noFlights,noCombos,singletonList,noSolutions,solution
A318#2,8.999263763427734,5,104720,[],0,[540   0   0   0   0]
CRJ100#2,11.529086112976074,9,85800,[],0,[-1 -1  0 -1 -1  0  0  0  0]
ERJ145#4,2.4992098808288574,8,100800,[],0,[  0  -1  -1 840 120 120   0   0]
