aircraft,delta1,noFlights,noCombos,singletonList,noSolutions,solution
CRJ100#2,11.662121295928955,9,232960,[],0,[ -1  -1   0   0 120 780  60  60  60]
ERJ145#4,4.8789989948272705,8,162000,[],0,[  0  -1  -1 780  60  60   0   0]
