aircraft,delta1,noFlights,noCombos,singletonList,noSolutions,solution
ERJ145#4,3.568682909011841,8,34496,[],0,[ -1  -1   0 900 180 180  60  60]
A319#11,18.30254626274109,10,206976,[],0,[ -1  -1  -1  -1 840 840  60  60   0   0]
BAE200#2,35.46516823768616,7,209088,[],0,[ 60 300 900  60  60  60  60]
A318#2,7.924657583236694,8,259200,[],0,[ -1   0   0 600   0   0   0   0]
A319#14,4.7494001388549805,10,146016,[],0,[-1 -1 -1 -1 -1  0 60 60  0  0]
A319#3,10.34678840637207,10,94080,[],0,[ -1 240  -1  -1 600 780 780 780 360   0]
