aircraft,delta1,noFlights,noCombos,singletonList,noSolutions,solution
ERJ145#4,2.4337170124053955,8,64800,[],0,[  0  -1  -1 900 180 180   0   0]
A318#2,15.12246060371399,8,276480,[],0,[  0  -1   0 540   0   0   0   0]
