aircraft,delta1,noFlights,noCombos,singletonList,noSolutions,solution
ERJ145#4,4.025445938110352,8,97200,[],0,[  0  -1  -1 840 120 120   0   0]
A318#2,12.582808017730713,8,259200,[],0,[120  -1   0 540   0   0   0   0]
CRJ100#2,26.323755025863647,9,327600,[],0,[ -1  -1   0   0 240 720   0   0   0]
CRJ700#3,144.75951766967773,9,331776,[],0,[60 -1 -1  0 -1  0 -1 -1 -1]
