aircraft,delta1,noFlights,noCombos,singletonList,noSolutions,solution
ERJ145#4,0.5400478839874268,8,14784,[],0,[ -1  -1  -1 840 120 120   0   0]
A318#2,7.982241868972778,8,143616,[],0,[ -1  -1 900 840 240 240   0   0]
A319#3,34.63957095146179,10,290304,[],0,[ -1  -1  -1 840 900 900 900 900 480   0]
F100#1,58.067124366760254,9,136080,[],0,[ -1  -1 900  -1  -1   0   0   0 120]
