aircraft,delta1,noFlights,noCombos,singletonList,noSolutions,solution
A318#2,8.07318902015686,5,104720,[],0,[540   0   0   0   0]
CRJ100#2,12.246726274490356,9,85800,[],0,[-1 -1  0 -1 -1  0  0  0  0]
ERJ145#4,3.0263664722442627,8,100800,[],0,[  0  -1  -1 840 120 120   0   0]
