aircraft,delta1,noFlights,noCombos,singletonList,noSolutions,solution
ERJ145#4,2.2701704502105713,8,97200,[],0,[  0  -1  -1 840 120 120   0   0]
A318#2,15.242521524429321,8,259200,[],0,[120  -1   0 540   0   0   0   0]
CRJ100#2,28.40599274635315,9,327600,[],0,[ -1  -1   0   0 240 720   0   0   0]
CRJ700#3,128.52507758140564,9,331776,[],0,[60 -1 -1  0 -1  0 -1 -1 -1]
