aircraft,delta1,noFlights,noCombos,singletonList,noSolutions,solution
CRJ100#2,12.289687395095825,9,232960,[],0,[ -1  -1   0   0 120 780  60  60  60]
ERJ145#4,3.160919189453125,8,162000,[],0,[  0  -1  -1 780  60  60   0   0]
